イメージ,e,76,
安定,p,115,
暗示,e,1358,
意味,p,1534,
雨,e,70,
運,p,1022,
運気,p,428,
解決,p,389,
気,?p?n,1980,
気持ち,p,913,
亀裂,n,7,
嫌,n,300,
合図,e,8,
思い出,p,109,
事,e,1407,
出し,e,251,
出来,p,591,
出来事,e,303,
上向き,p,3,
人,e,2442,
生,?e,996,
静,p,126,
静か,?p?n,16,
悩み,n,184,
味,p,1654,
夢,e,3912,
良,p,1051,
恋,e,797,
恋人,p,314,
いっぱい,e,4,
しみ,n,140,
過去,n,150,
解消,p,149,
楽,p,259,
虚,e,35,
虚無感,n,4,
穴,e,11,
今,e,1252,
笑,e,34,
象徴,e,452,
丈夫,p,38,
状態,e,545,
大丈夫,p,37,
大切,p,447,
長,p,275,
悲しみ,n,39,
無理,n,110,
理,p,564,
トラブル,n,575,
ラブ,p,578,
悪,n,601,
雨漏り,n,1,
可,p,1075,
可能,e,1046,
可能性,p,1031,
家庭,p,74,
介,e,27,
関わり,?p?n,48,
警告,e,316,
自分,e,1071,
手,e,1014,
性,e,1513,
早め,e,23,
相,e,753,
他,e,254,
対,e,1030,
大変,n,39,
内,e,287,
能,p,1175,
発展,p,101,
必要,e,572,
変,n,616,
厄,n,18,
厄介,n,16,
友人,p,161,
要,p,739,
漏り,n,1,
かさ,e,40,
わざ,p,8,
経験,e,138,
験,p,187,
失恋,n,33,
清,e,20,
切れ,e,71,
濡れ,e,15,
無駄,n,36,
綺麗,p,44,
感じ,e,760,
休息,e,69,
時間,e,229,
神,e,351,
正,p,152,
精,e,323,
息,e,99,
息抜き,e,8,
注意,n,524,
長期化,e,6,
抜き,e,16,
疲れ,n,128,
負,n,139,
負担,n,42,
複雑,e,17,
問,e,512,
問題,n,477,
おかげ,p,9,
元,e,290,
元気,p,28,
傷,n,96,
色合い,e,2,
真,p,138,
親友,p,26,
人物,e,245,
中,e,910,
父親,e,110,
物,e,698,
忘れ,n,110,
無傷,p,8,
優,p,89,
やりがい,p,4,
やる気,p,56,
愛,p,658,
害,n,103,
感情,e,252,
障害,n,41,
情,p,457,
不快,n,75,
壁,n,25,
憂,n,10,
憂鬱,n,5,
落ちる,a,96,
恋愛,p,497,
鬱,n,15,
ずれ,e,115,
ブレ,n,21,
基本,e,114,
結婚,p,179,
困難,n,100,
状況,e,433,
責,n,78,
難,n,243,
未来,p,138,
におい,e,290,
まれ,e,485,
ミス,n,53,
我,e,123,
怪我,n,53,
活,p,383,
原因,n,235,
現実,e,805,
仕事,e,566,
実,p,1280,
慎重,e,73,
低下,n,122,
良さ,p,65,
ゲリラ,n,2,
ショック,n,47,
意気,p,6,
意気込み,p,2,
再出発,e,6,
指摘,n,13,
事態,n,39,
準備,e,81,
準備不足,n,10,
新,e,393,
洗濯物,e,3,
台,e,24,
台無し,n,13,
知,p,624,
知識,p,39,
知識不足,n,5,
天気予報,e,1,
不足,n,46,
目,e,551,
予報,e,2,
チャレンジ,e,63,
チャンス,p,169,
押し,e,57,
後押し,p,3,
受け入れ,e,92,
素,e,199,
素直,p,55,
力,p,840,
カッパ,e,1,
コミュニケーション,p,69,
果,e,334,
活発,p,15,
環境,e,185,
冴え,p,11,
自信,p,147,
実感,e,39,
信,p,387,
身軽,p,3,
便,p,26,
便利,p,8,
利,p,41,
カラ,e,12,
移り変わり,e,1,
穏やか,p,31,
快晴,p,3,
幸,p,383,
幸運,p,205,
テンション,p,2,
頑張り,p,51,
気分,e,142,
苦,n,248,
苦労,n,43,
幸せ,p,124,
張り,p,72,
努力,e,298,
労,n,91,
幸福,p,51,
出産,e,58,
知らせ,e,103,
福,p,76,
印,e,199,
功,p,129,
賞,p,7,
賞賛,p,4,
成功,p,124,
尊敬,p,20,
大人,e,50,
蓄積,n,8,
泥,n,11,
泥沼,n,3,
泥水,n,4,
反対,n,66,
疲労,n,30,
様子,e,112,
ため,p,817,
エネルギー,p,80,
クリア,p,19,
スイス,e,8,
意欲,p,39,
苦難,n,6,
事故,n,115,
人生,p,227,
欲,n,348,
クモ,e,5,
コントロール,e,46,
悪化,n,69,
好転,p,61,
増,e,80,
ご褒美,p,4,
感覚,e,50,
感謝,p,36,
吉,p,452,
恵み,p,1,
自然,e,71,
常,e,216,
食,e,93,
達成,p,76,
美,p,63,
美味,p,14,
平凡,n,5,
雨風,n,2,
回復,p,56,
凶,n,72,
備え,p,10,
不安,n,495,
負け,n,32,
感傷,n,1,
寂,n,48,
寂しさ,n,24,
情緒,p,6,
浄化,e,25,
悲しさ,n,3,
別れ,n,134,
プラス,p,67,
マイナス,n,67,
考え方,e,34,
おめでた,p,2,
円満,p,11,
快感,p,39,
業,n,111,
順調,p,66,
調,e,302,
不快感,n,37,
躍進,p,4,
話題,p,6,
安らぎ,p,14,
危険,n,116,
恐怖,n,125,
険,n,132,
侵食,n,1,
浸水,n,3,
低迷,n,44,
後悔,n,98,
洪水,n,36,
支配,n,23,
嫉妬,n,44,
憎しみ,n,22,
濁流,e,2,
怒り,n,73,
爆発,n,43,
冷,e,152,
冷静,p,109,
残念,n,35,
実際,e,255,
念,e,118,
本当,p,131,
キャンセル,n,1,
デート,p,21,
運命,e,38,
楽しみ,p,48,
期待,p,184,
命,p,129,
出会い,p,155,
未練,n,96,
このまま,e,151,
スト,n,566,
ストレス,n,429,
悪影響,n,16,
影,n,121,
影響,e,83,
公,e,22,
降り,e,49,
砂,e,8,
土砂,e,2,
平和,p,9,
量,p,44,
和,p,69,
一緒,p,124,
繋がり,p,32,
喧嘩,n,79,
対立,n,10,
仲,e,170,
友達,p,179,
ドキドキ,e,10,
意識,p,187,
関心,p,25,
願望,p,254,
点,e,115,
きっかけ,e,89,
強,e,667,
光,p,108,
不安定,n,63,
雷,n,45,
我慢,n,58,
協調,e,14,
協調性,p,13,
現状,e,139,
限界,n,49,
自由,p,45,
束縛,n,38,
不自由,n,11,
不自由さ,n,6,
不満,n,194,
ムード,e,4,
救済,e,1,
幻想,e,8,
作り,p,34,
心身,e,67,
神秘,p,5,
聖,p,5,
拠り所,p,4,
借り,n,42,
助,e,187,
助け,p,144,
同様,e,118,
らい,n,108,
言い方,e,1,
好き,p,284,
失敗,n,122,
大好き,p,21,
朝,e,10,
落ち込み,n,2,
理由,e,45,
ダメ,n,62,
ダメージ,n,38,
豪雨,e,2,
災,n,64,
災害,n,11,
自然災害,n,4,
心配,n,112,
動揺,n,12,
回し,e,15,
気力,p,35,
後回し,n,12,
体調不良,n,44,
発散,e,36,
不調,n,32,
不良,n,49,
アイデア,p,13,
クリエイティビティ,p,1,
クリエイティブ,p,7,
発揮,p,43,
発想,e,11,
けが,n,45,
欠,n,83,
言動,n,155,
差,n,44,
最悪,n,54,
思いやり,p,12,
周,e,436,
雪,e,60,
直し,e,125,
冷え,e,5,
簡単,p,56,
急,n,93,
深刻,n,33,
発生,n,95,
面倒,n,24,
パフォーマンス,e,3,
完全,p,23,
違和,n,20,
違和感,n,20,
検査,e,10,
充実,p,62,
生命,p,34,
体力,p,26,
いじめ,n,39,
陰,e,12,
攻撃,e,44,
世界,e,375,
底,e,47,
徹底,e,6,
徹底的,p,1,
ストレート,e,17,
レート,e,19,
愛情,p,119,
距離感,e,11,
高め,e,40,
成長,p,146,
問題解決,p,55,
げた,e,62,
トラウマ,n,27,
意思,e,58,
学,p,213,
克服,p,53,
主,e,61,
証,e,189,
辛さ,e,5,
分析,e,222,
改善,p,74,
苦手,n,46,
作用,e,13,
善,p,87,
対人関係,e,99,
痛,n,90,
用,e,113,
安心,p,118,
非,n,81,
非常,n,50,
良好,p,73,
さら,e,121,
ラッキー,p,49,
ジレンマ,n,3,
悪口,n,10,
意味合い,e,163,
楽観,e,21,
葛藤,n,41,
観,e,173,
教え,e,203,
混じり,p,4,
めし,e,46,
過激,n,1,
過敏,n,6,
気分転換,p,49,
極,e,240,
孤独,n,30,
孤独感,n,12,
神経,e,21,
神経過敏,n,4,
積極的,p,167,
当たり,p,85,
得,p,238,
被害,n,24,
被害者,n,3,
被害者意識,n,2,
余,e,141,
余り,e,53,
悪さ,n,15,
意地,n,14,
意地悪,n,7,
縁,p,126,
交際,e,44,
好意,p,65,
親密,p,16,
親密さ,p,3,
増し,e,15,
勇,p,105,
勇気,p,105,
あく,e,21,
つまり,e,127,
マイナスイメージ,n,3,
思い込み,n,22,
正直,p,29,
想い,p,65,
ビジョン,e,1,
輩,e,42,
アップ,e,174,
コンプレックス,n,64,
恐怖心,n,29,
嫌悪,n,30,
嫌悪感,n,22,
限り,n,40,
権力,p,31,
常識,p,13,
先生,e,28,
黙認,e,1,
ばか,n,107,
芸能,p,33,
才,p,43,
才能,p,43,
精進,p,2,
嘆,n,8,
納得,e,25,
能力,p,87,
不平,n,24,
不平不満,n,23,
スカ,n,6,
溜飲,e,1,
つながり,p,30,
英雄,p,2,
気運,e,4,
気遣い,e,8,
協力,p,51,
協力者,p,20,
実力,p,32,
心配り,p,1,
人気,p,14,
大げさ,n,2,
魅,p,69,
魅力,p,67,
雄,e,2,
おそれ,n,10,
開放,p,9,
虐待,n,1,
光景,e,74,
酷使,n,2,
真面目,p,15,
性欲,e,8,
誠,p,8,
忠誠,p,2,
忠誠心,p,2,
特徴,e,14,
忍,n,18,
忍耐,e,14,
忍耐力,p,8,
病,n,148,
本能,e,12,
面目,p,15,
抑制,e,7,
理性,p,31,
良心,p,4,
お金,p,69,
まぐれ,e,4,
金,p,243,
金運,p,142,
限度,n,11,
通,p,319,
通常,e,17,
というわけ,e,24,
悪意,n,18,
嫌がらせ,n,19,
視野,p,25,
成果,p,74,
嫌い,n,98,
付き,e,189,
理不尽,n,9,
ケンカ,n,6,
気配,e,6,
気配り,e,4,
上手,p,111,
慎重さ,p,3,
洞察,e,1,
洞察力,p,1,
優しさ,p,26,
ここ,e,78,
苦悩,n,10,
誤解,n,22,
事実,p,10,
認識,p,31,
加害,n,1,
加害者,n,1,
加担,e,2,
消極,n,17,
責務,e,1,
感度,p,2,
好感,p,6,
好感度,p,2,
暴力,n,12,
要素,e,47,
域,e,7,
窮地,n,14,
脅迫,n,2,
罪,n,61,
姿,e,123,
痛み,n,37,
犯罪,n,12,
類,e,32,
偽り,n,6,
必要性,?p?n,16,
芽,p,27,
中身,e,9,
評,e,92,
評価,e,84,
付け,n,83,
無視,n,15,
欲求,e,133,
お洒落,p,5,
援助,e,24,
興味,p,35,
始まり,p,16,
紹介,e,4,
清潔,p,4,
清潔感,p,4,
素敵,p,57,
対面,e,4,
定番,p,8,
敵,n,101,
洒落,p,7,
症,n,16,
発症,n,2,
不吉,n,31,
ストレス発散,p,10,
危険性,n,12,
恐怖感,n,20,
怖さ,n,16,
ドル,e,9,
フン,n,8,
回収,e,1,
格,p,85,
挑戦,e,69,
冒険,e,4,
冒険心,p,1,
名,p,45,
有名,p,16,
ケチ,n,1,
固執,n,9,
最適,p,6,
秋,e,2,
深さ,?p?n,15,
迫力,p,1,
雰囲気,p,19,
文,e,34,
防犯,e,2,
目的,e,41,
頼もしさ,p,1,
空気,e,13,
警戒,n,42,
警戒心,n,30,
主張,e,18,
塵,n,4,
微笑,e,6,
子犬,e,8,
情欲,n,3,
交遊,p,3,
交流,p,13,
従順,p,4,
全く,e,28,
反応,e,12,
リラックス,p,24,
外れ,n,8,
習慣,e,48,
制止,n,2,
暴走,n,24,
抑圧,n,11,
たくさん,e,45,
女性,e,132,
ペット,e,19,
病気,n,49,
不幸,n,45,
味方,p,43,
恋愛感情,p,14,
タイ,e,113,
邪,n,50,
邪魔,n,34,
信頼,p,139,
魔,n,49,
餓え,n,1,
飢餓,n,5,
飢餓感,n,3,
物足りなさ,n,8,
理想,p,63,
甘え,p,26,
独立,p,16,
崩れ,n,26,
勝手,n,19,
身勝手,n,4,
欲望,e,15,
ロス,n,3,
孤立,n,39,
殺し,n,31,
死,n,276,
弱,n,68,
受診,e,13,
配慮,e,18,
悲痛,n,2,
病院,n,21,
便り,e,2,
集中,e,33,
温もり,p,5,
強力,p,11,
貸し,e,7,
理解,p,62,
励まし,p,5,
普通,e,13,
散歩,p,6,
お疲れ,n,5,
スス,e,12,
機嫌,?p?n,6,
不機嫌,n,4,
旅行,p,57,
療法,e,1,
否,n,54,
つき,e,24,
信頼関係,p,19,
挨拶,e,7,
敬意,p,3,
鼻水,n,1,
友情,p,14,
シベリア,e,1,
スキ,n,14,
ブラ,e,6,
頭,?p?n,67,
下心,n,1,
不信,n,25,
不信感,n,21,
本気,p,8,
衝動,n,29,
反発,n,9,
不愉快,n,5,
愉快,p,5,
しっかり,p,262,
マイナス面,n,5,
生まれ変わり,p,18,
打ち,e,48,
劣等,n,15,
劣等感,n,15,
アイディア,p,8,
プレッシャー,n,43,
健康,p,153,
健康管理,e,6,
試練,e,30,
柔,n,17,
柔軟,p,10,
柔軟性,p,5,
中傷,n,6,
避難,n,7,
不運,n,34,
じっくり,e,19,
危険信号,e,5,
即決,e,1,
がた,n,31,
アタック,e,7,
血,e,43,
崩壊,n,14,
想定,e,21,
争,n,23,
争い,n,11,
優先,e,14,
お話,e,3,
花,e,75,
支援,p,11,
収入,p,65,
爺さん,e,1,
脱出,e,10,
報酬,p,4,
キリ,?e,50,
パワー,p,50,
広さ,p,2,
睡眠,e,17,
流れ,e,94,
流血,n,2,
アクシデント,n,16,
サポート,e,27,
ハプニング,?p?n,16,
ポイント,p,58,
運休,n,1,
賢明,p,38,
死骸,n,7,
ファン,p,1,
口論,n,4,
災い,n,27,
不和,n,8,
夫婦喧嘩,n,3,
警鐘,n,1,
失業,n,6,
破産,n,2,
破綻,n,17,
離婚,n,19,
秀,p,5,
日の目,e,5,
名誉,p,7,
優秀,p,3,
はっきり,e,28,
ヒント,p,32,
異常,n,15,
回避,e,40,
料理,e,7,
こまめ,p,3,
まめ,p,3,
ガス,e,4,
ガス抜き,e,4,
その他,e,9,
歌,e,4,
裕福,p,4,
お祝い,e,3,
祝い,p,3,
大怪我,n,7,
裏切り,n,23,
手助け,p,19,
皆,e,23,
願い,e,31,
飢え,n,13,
純粋,p,26,
粋,p,26,
影響力,p,6,
取り返し,e,18,
収拾,e,1,
深刻化,n,10,
左利き,n,2,
お付き合い,e,43,
付き合い,p,109,
下げ,n,12,
控えめ,e,3,
配偶者,e,23,
薬,e,7,
惨事,n,2,
支え,p,27,
焦り,n,54,
正当,p,1,
大惨事,n,1,
基礎,p,3,
基盤,p,14,
重要,e,48,
自覚,p,41,
罪悪,n,32,
罪悪感,n,32,
終息,e,3,
生命力,p,21,
迷惑,n,44,
機会,p,68,
苦しみ,n,31,
絶,n,82,
絶好,p,24,
前進,p,22,
ほとんど,e,24,
活動,p,32,
参加,e,15,
特定,e,18,
証拠,e,14,
進展,p,43,
苦痛,n,17,
信用,p,44,
恐れ,n,72,
実行,e,12,
道徳,p,12,
徳,p,12,
重荷,n,4,
節,e,33,
後味,e,6,
再生,p,48,
心配事,n,11,
エネルギッシュ,p,10,
栄,p,30,
輝き,p,12,
好調,p,36,
絶好調,p,11,
太陽,e,7,
反射,e,1,
陽,p,11,
絆,p,49,
開業,e,1,
起業,e,4,
起業家,e,1,
自立,p,68,
青空,p,4,
野心,e,4,
トラブル等,n,3,
過剰,n,28,
拡大,e,5,
具,e,41,
具合,e,13,
無茶,n,4,
汚れ,n,17,
勢い,p,23,
波しぶき,e,2,
揺れ,n,18,
きれい,p,8,
活力,p,12,
欠点,n,18,
純粋さ,p,2,
長所,p,8,
美しさ,p,6,
矛盾,n,3,
乱れ,n,23,
フレッシュ,p,30,
リフレッシュ,p,29,
何者,e,7,
極度,e,6,
突き,n,30,
杞憂,n,2,
逆転,e,5,
最高,p,18,
飛躍,e,9,
転落,n,9,
頓挫,n,7,
ゴミ,n,5,
悲観,n,17,
海水,e,3,
根気,p,6,
うねり,e,1,
感激,p,3,
一生,p,26,
一生懸命,p,13,
恩,p,16,
恩恵,p,9,
開き,e,8,
油断,e,38,
安心感,p,5,
気まま,e,2,
向上,p,24,
向上心,p,13,
満足,p,42,
名声,p,4,
目標,p,143,
意志,p,22,
志,p,31,
仲間,p,25,
確か,e,29,
チャレンジ精神,p,9,
展開,e,12,
無謀,n,7,
トライ,p,6,
挫折,n,20,
荒波,n,3,
根性,p,2,
辛苦,n,1,
艱難,n,1,
艱難辛苦,n,1,
はずみ,n,16,
故障,n,7,
災難,n,24,
生死,e,1,
遭難,n,2,
不明,e,6,
利益,p,11,
ケガ,n,20,
貝殻,e,1,
殻,e,14,
裸,e,2,
セキュリティ,p,1,
下手,n,11,
甘さ,?p?n,3,
隙,n,2,
盗,n,20,
盗難,n,4,
盗難被害,n,1,
薄さ,n,3,
飽き,n,14,
収穫,p,1,
商売繁盛,p,1,
大吉,p,18,
調子,e,25,
繁盛,p,3,
課題,n,13,
感動,p,6,
喜び,p,28,
体験,e,34,
スター,p,105,
安定感,p,2,
希望,p,45,
進行,e,7,
沈没,n,2,
没,n,9,
嵐,n,6,
立派,p,16,
注目,e,29,
よさ,p,12,
質,p,39,
心地よさ,p,6,
真実,p,6,
逃避,n,48,
本質,e,6,
解決策,p,17,
方法,p,66,
ギャップ,e,7,
満喫,p,1,
キレ,p,14,
キレイ,p,10,
信念,p,12,
癖,n,13,
モチベーション,p,19,
ダウン,n,28,
大波,e,1,
停滞,n,25,
渦,n,10,
貢献,p,2,
思考力,p,3,
直感,e,21,
往復,e,1,
将来,p,57,
クール,p,6,
起伏,e,5,
手遅れ,n,10,
正確,p,1,
遅れ,n,26,
律,e,1,
冷静さ,p,15,
就職,e,18,
引き立て,p,2,
有力,p,1,
華,p,17,
豪華,p,2,
不安定さ,n,9,
スポーツ,e,15,
試験,n,22,
資格,e,7,
出世,p,26,
勝ち,p,12,
勝利,p,4,
寿,p,3,
長寿,p,2,
楽しさ,p,4,
軽減,p,17,
この世,e,4,
間違い,n,31,
正義,p,5,
否定,e,16,
目くじら,n,1,
バックアップ,e,3,
資金,p,2,
資金面,e,1,
有数,e,1,
昇進,p,13,
当選,p,12,
こだわり,?p?n,6,
既成概念,n,1,
不倫,n,45,
浮気,n,85,
引き締め,e,14,
家庭生活,e,2,
緩み,e,4,
仕事上,e,14,
示唆,e,32,
不用,n,2,
不用意,n,2,
激しさ,e,5,
修羅,n,6,
修羅場,n,6,
人付き合い,p,14,
致命,n,6,
欲求不満,n,14,
庇護,e,3,
望み,p,14,
倫理,p,6,
倫理観,p,5,
キス,e,60,
効果,p,31,
肉欲,n,1,
遊び,e,15,
発覚,n,13,
しっぺ返し,n,5,
登場,e,43,
華やか,p,7,
無防備,n,5,
勘,p,32,
勘違い,n,15,
自負,e,1,
実践,e,18,
広がり,p,17,
恥,n,16,
恥ずかしさ,n,2,
抵抗,n,18,
二の足,n,1,
外見,e,18,
道義,p,1,
快楽,p,3,
自意識,p,3,
重度,n,2,
明らか,e,21,
隠し事,n,9,
最小限,n,9,
応え,e,12,
あわ,e,10,
技,p,7,
技量,p,2,
詐欺,n,15,
資産,p,9,
開運,p,12,
肉感,p,1,
濃厚,?p?n,2,
品,p,24,
満足度,p,3,
疑い,n,13,
稀,e,11,
喪失,n,25,
戸惑い,n,7,
真剣,p,15,
潜在意識,e,46,
憎悪,n,3,
わだかまり,n,10,
弱点,n,8,
不貞,n,2,
歩み,p,22,
鬼,e,9,
疑心,n,4,
疑心暗鬼,n,1,
根拠,p,11,
低め,e,6,
妄想,n,11,
力作,p,1,
ブルー,e,3,
おまけ,p,2,
狭さ,n,1,
プライド,e,14,
成績,p,13,
実現,p,18,
スペース,e,1,
趣,p,26,
趣味,e,25,
飛行機,p,51,
価値,p,70,
開花,p,41,
活躍,p,10,
大胆,p,10,
疑問,e,9,
無難,e,4,
迷い,n,46,
空間,p,8,
急変,n,2,
ジェットコースター,e,52,
パニック,n,9,
落下,n,8,
ピン,e,29,
ピンチ,n,18,
救い,p,11,
苦境,n,8,
スピード,e,17,
急上昇,e,5,
猛スピード,e,1,
ライフ,p,9,
ライフスタイル,e,9,
大事,p,56,
プロ,p,71,
誘い,p,13,
ニュアンス,p,5,
出費,n,23,
スムーズ,p,35,
向性,e,26,
修正,e,11,
ネック,n,3,
閉鎖,n,5,
放置,n,17,
満員,e,4,
扉,e,2,
承認,e,4,
定員,e,1,
社会的評価,p,2,
しるし,e,1,
幽霊,e,58,
霊,e,68,
義務,e,11,
窮屈,n,19,
ドア,e,14,
ボヤ,n,3,
炎,n,10,
炎上,n,2,
火事,n,45,
ご縁,p,2,
奇,n,12,
平穏,p,9,
共通点,e,4,
ストレス解消,p,31,
後ろめたさ,n,11,
告白,e,85,
こく,p,11,
正反対,e,4,
期待感,p,1,
人見知り,n,2,
不安感,n,32,
殺人,n,12,
復活,p,10,
すり,n,4,
ゾンビ,n,43,
安さ,p,1,
弱気,n,14,
説明,e,4,
勇敢,p,1,
一番,p,57,
代わり,e,12,
多忙,n,6,
変貌,?p?n,4,
げき,e,2,
オーバー,e,6,
警察,e,12,
宇宙人,n,5,
怪物,n,10,
獣,n,9,
妖怪,n,8,
イジメ,n,5,
カウンセリング,e,5,
つもり,e,9,
権威,p,14,
献身,e,5,
逃亡,n,2,
ドロ,n,3,
ローン,n,1,
維持,e,13,
息切れ,n,2,
完治,p,2,
源,e,15,
重症,n,2,
確認,e,40,
固定観念,n,4,
責任感,p,13,
制限,e,18,
締め切り,e,4,
それなり,p,7,
負荷,n,8,
疲弊,n,8,
忙しさ,e,11,
チンピラ,n,1,
悪事,n,2,
過度,n,20,
暴走族,n,1,
針,n,5,
干渉,e,12,
禁物,n,35,
懸念,n,9,
焦点,e,1,
好み,p,7,
蛇,e,102,
不気味,n,10,
金回り,p,3,
死神,e,1,
集中力,p,12,
貧,n,3,
貧乏,n,3,
貧乏神,n,1,
異変,n,11,
うさ,n,7,
強制,n,4,
コツ,p,13,
運動,e,6,
休日,e,15,
大声,e,2,
一杯,p,8,
恐竜,n,1,
弱さ,n,5,
答,e,29,
活用,e,8,
知性,p,7,
ケア,e,2,
借金,n,9,
獄,n,2,
操,e,4,
事件,n,8,
利用,e,12,
充実感,p,8,
社会生活,e,10,
緊張,n,24,
アクティブ,p,11,
火の玉,n,1,
火災,n,4,
あっさり,e,7,
変質,n,1,
暇,p,3,
威厳,p,4,
行い,e,29,
反省,e,11,
ひとり立ち,p,1,
把握,e,6,
おしゃれ,p,1,
ファッション,e,2,
忠告,e,21,
お客,e,3,
お店,e,6,
いざとい,e,3,
構築,e,4,
二日,e,1,
指導,e,2,
指導者,p,1,
本来,e,53,
老人,e,2,
姑,e,1,
万が一,e,6,
遅刻,n,59,
過ち,n,10,
反感,n,5,
礼,e,11,
礼儀,p,5,
効果的,p,6,
迷走,n,2,
セクハラ,n,5,
アピール,?p?n,9,
敏感,?p?n,10,
ダメ出し,n,1,
バツ,n,1,
熱,e,43,
贅,p,2,
贅沢,e,2,
交友,p,12,
人気者,p,2,
未熟,n,19,
未熟さ,n,12,
限界点,e,2,
図星,n,1,
クレーム,e,5,
範疇,e,8,
余裕,p,52,
悪習,n,3,
悪習慣,n,3,
軽め,p,3,
すっと,p,1,
店員,e,1,
嬉し涙,p,2,
ガン,n,2,
笑い,p,3,
繊細,p,5,
繊細さ,p,3,
問題解決能力,p,1,
もどかしさ,n,8,
都合,e,11,
食い違い,n,1,
情けなさ,n,2,
仲直り,p,10,
しくじり,n,1,
重大,e,14,
不向き,n,2,
卑屈,n,3,
スキル,p,8,
畏縮,n,1,
存在感,p,2,
無用,n,6,
逆境,n,8,
個性,p,13,
病人,n,2,
接点,p,5,
偏見,n,2,
歪,n,5,
依存,n,31,
危機,n,21,
危機感,n,5,
駄目,n,5,
威圧,n,11,
威圧感,n,8,
遠目,e,2,
許し,e,4,
精神力,p,7,
愛欲,e,2,
相違,e,1,
足枷,n,1,
枷,n,1,
成就,p,31,
堕落,n,1,
怠け,n,9,
殺意,n,3,
露,n,19,
押さえ,e,7,
刃物,e,8,
強盗,n,7,
スパイ,n,5,
地位,p,22,
死亡,n,5,
ループ,n,10,
極限,e,1,
死者,n,4,
煩わしさ,n,6,
不快さ,n,4,
ゴジラ,n,1,
ボロボロ,n,3,
圧倒,e,3,
圧倒的,e,2,
幼稚,n,5,
安易,n,10,
吸血鬼,n,1,
出血,e,12,
悪魔,n,6,
残虐,n,4,
残酷,n,7,
残酷さ,n,1,
邪悪,n,4,
善意,p,2,
果敢,p,3,
ドラゴン,e,1,
凶事,n,1,
降格,n,3,
大敵,n,8,
気概,p,2,
無事,p,18,
レイプ,n,1,
犯罪行為,n,2,
自力,e,14,
重圧,n,8,
専門,p,13,
専門家,e,7,
奮闘,e,2,
うっかり,n,5,
失言,n,3,
十分,p,48,
興奮,e,5,
サメ,e,2,
破壊,n,8,
好き嫌い,n,4,
拒否,n,9,
威嚇,n,3,
非難,n,6,
ストーカー,n,58,
気質,e,5,
巣,e,19,
筋肉,p,1,
眠り,p,8,
痙攣,n,2,
暗闇,e,9,
闇,e,11,
絶望,n,13,
絶望的,n,4,
入れ替え,e,2,
優越,p,1,
優越感,p,1,
投げ,e,13,
ありのまま,e,7,
孫,e,3,
謙虚,p,24,
謙虚さ,p,7,
恨,n,17,
恨み,n,10,
社会的地位,p,6,
すっきり,p,23,
形成,p,3,
新鮮,p,5,
人格,p,6,
やけ,n,2,
断念,n,5,
到達,e,11,
目標達成,p,17,
爽快,p,4,
爽快感,p,2,
天国,p,3,
道半ば,n,3,
ゆとり,p,3,
意義,p,2,
有意義,p,2,
呼吸,e,13,
深呼吸,e,10,
大成,p,7,
大成功,p,7,
意力,e,3,
欠如,n,8,
注意力,p,3,
夢中,e,10,
銘,p,1,
どん底,n,4,
落とし穴,n,3,
怠慢,n,3,
決心,e,6,
速度,e,8,
衝撃,n,14,
精神的ダメージ,n,4,
力量,p,2,
吉凶,n,5,
白さ,e,48,
無料,p,1,
そっと,e,2,
はらはら,n,1,
風情,p,2,
反抗,n,7,
応援,e,7,
ストップ,n,4,
軽率,n,12,
交通事故,n,33,
行き過ぎ,n,4,
不仲,n,4,
支障,n,8,
不十分,n,3,
バイク事故,n,1,
規則,e,17,
差別,n,1,
殺人事件,n,1,
春,p,15,
哀しみ,n,3,
自殺,n,9,
自立心,p,9,
偉大,p,1,
衝突,n,13,
動機,e,1,
ボラ,e,1,
ボランティア,e,1,
博愛,p,1,
思想,e,4,
保守,e,3,
窮屈さ,n,10,
安全,p,9,
問題点,n,6,
手足,e,3,
温泉,e,3,
確保,p,4,
休み,e,15,
一般,e,27,
ひと時,e,1,
主人公,e,2,
魅了,p,2,
間違え,n,13,
創造,e,9,
創造力,p,3,
想像力,p,5,
破滅,n,1,
弱み,n,1,
消耗,n,5,
愛嬌,p,3,
感性,p,10,
豊か,p,23,
いい気分,p,5,
同棲,e,7,
無償,e,1,
ほころび,n,1,
得意,p,7,
混乱,n,4,
平静,p,1,
平静さ,p,1,
完璧,p,5,
全力,p,11,
焦燥,n,1,
焦燥感,n,1,
パンク,n,5,
労力,e,6,
おっとり,e,1,
発見,e,21,
豊かさ,p,9,
返事,p,4,
医療,e,8,
忠実,p,6,
蛙,e,1,
大金,p,20,
潤い,p,3,
怖気,n,1,
見事,p,5,
自我,p,3,
自然体,p,9,
横暴,n,9,
過信,n,6,
放棄,e,4,
ほか,e,9,
株,p,3,
投資,e,10,
暴落,n,2,
粘り,p,3,
火傷,n,3,
犠牲,n,6,
山火事,n,1,
仕打ち,n,1,
仲良し,p,2,
跡,e,5,
近所付き合い,e,2,
散漫,n,3,
水準,e,1,
中途,n,3,
中途半端,n,3,
半端,n,4,
野次,n,1,
野次馬,n,1,
臆病,n,6,
欲情,n,1,
豪快,p,1,
その間,e,3,
煙,n,2,
正解,p,8,
黒煙,n,1,
がん,n,2,
怪我人,n,2,
嫌気,n,10,
幸い,p,3,
若さ,p,1,
喪失感,n,4,
不幸中の幸い,p,2,
リセット,e,14,
一新,e,2,
活発化,p,2,
休憩,p,9,
業績,p,4,
言い訳,n,4,
功績,p,4,
働き,p,10,
働き過ぎ,n,4,
自制,e,3,
資格取得,e,3,
実り,p,7,
取得,e,5,
人命,p,1,
存分,e,7,
笑顔,p,10,
かた,e,2,
はしか,n,1,
甚大,e,2,
鬱憤,n,1,
案件,e,1,
コリ,n,3,
タコ,e,1,
ホコリ,n,1,
リスク,n,9,
悪癖,n,2,
ステキ,p,12,
空き,p,1,
空き巣,n,1,
人間ドック,e,3,
対策,e,17,
不審,n,4,
中心,e,22,
擁護,e,1,
刺激,e,23,
規模,p,4,
地震,n,43,
情熱,p,24,
チリ,e,2,
再燃,p,2,
緊急,n,4,
緊急事態,n,1,
衰え,n,4,
損,e,31,
損失,n,16,
落ち着き,p,5,
好奇,p,9,
好奇心,p,9,
本格,p,1,
ひさし,e,2,
ひさしぶり,p,2,
その道,e,6,
始末,n,3,
不始末,n,1,
隕石,e,1,
いわれ,e,5,
お世話,e,6,
見返り,p,3,
手段,p,25,
世話,e,8,
行動力,p,17,
積極性,e,25,
キズ,n,1,
リアル,p,9,
情念,e,1,
痛さ,n,2,
熱さ,e,1,
テスト,n,9,
熱量,p,1,
アド,e,33,
アドバイス,e,31,
アンバランス,n,1,
調和,p,6,
健全,p,3,
結婚相手,e,8,
自己実現,e,1,
最大限,p,5,
人間的魅力,p,2,
最善,p,6,
ナイーブ,e,2,
強がり,n,1,
人間味,p,1,
戦争,n,2,
瓦礫,n,2,
礫,e,2,
津波,n,33,
用心,e,12,
効力,p,1,
有益,p,2,
損害,n,2,
大損,n,1,
大損害,n,1,
授業,e,18,
知的,p,5,
恋心,p,14,
ぐちゃぐちゃ,n,1,
ノー,e,2,
ノルマ,n,5,
カン,e,5,
カンニング,n,2,
高得点,p,1,
得点,p,1,
貧乏くじ,n,1,
叱責,n,2,
強大,p,1,
殺人鬼,n,4,
正常,p,4,
独裁,n,1,
逸脱,n,2,
バイタリティー,p,9,
自分勝手,n,12,
退学,n,1,
取り組み,e,12,
出席,e,2,
確実,e,13,
やり直し,e,10,
卒業,e,25,
単純,e,37,
平常心,e,11,
効率,p,6,
適度,p,13,
年上,e,11,
チャイム,e,1,
苦しさ,n,10,
息苦しさ,n,5,
片思い,e,32,
不登校,e,1,
学生生活,e,3,
基準,e,3,
満足感,p,2,
主役,e,2,
稲妻,e,2,
駆け引き,e,2,
自在,p,1,
神様,e,4,
雷神,e,1,
閃光,e,1,
インフラ,e,1,
機能,p,4,
最低,n,4,
停電,n,1,
マグマ,n,2,
誕生,p,8,
損壊,n,1,
繁栄,p,4,
落雷,e,2,
富,p,11,
無一文,n,2,
嘘,n,10,
実態,e,1,
心配性,n,7,
強固,p,1,
キャリア,p,3,
合間,e,2,
ベスト,p,5,
躊躇,n,20,
人間力,p,1,
適任,p,1,
歳月,e,1,
四季,e,1,
損傷,n,1,
適切,p,3,
インパクト,p,5,
心構え,p,6,
変更,e,13,
臨機応変,e,3,
加速,e,6,
速さ,p,1,
タフ,p,3,
雷雨,n,2,
気持ち良さ,p,5,
ショート,e,1,
ショートカット,e,1,
晴れやか,p,2,
精神的苦痛,n,2,
逆効果,n,9,
強引,n,11,
情報,p,24,
批判,n,9,
ストーカー行為,n,4,
阻止,e,1,
退職,e,3,
不服,n,2,
栄え,p,1,
期待外れ,n,2,
縛り,e,7,
坊主,e,2,
不利,n,2,
分担,e,1,
書き出し,e,2,
優柔不断,n,6,
伸び,e,9,
子孫繁栄,p,2,
精力,p,6,
精力的,p,6,
証人,e,1,
保証,p,1,
無駄遣い,n,4,
不注意,n,5,
権利,p,2,
インテリ,n,1,
インテリア,e,1,
気持ちよさ,p,3,
散財,n,4,
吸収,e,6,
健康長寿,p,1,
不振,n,1,
達成感,p,5,
熱心,p,4,
お礼,e,1,
患い,n,1,
大病,n,1,
悲鳴,n,3,
グチ,n,1,
グッズ,e,1,
ビッグ,p,1,
ビッグチャンス,p,1,
最強,p,3,
栄養,p,7,
予防,p,2,
訂正,e,1,
卑怯,n,1,
運用,e,2,
選び,e,4,
泥棒,n,3,
イベント,e,2,
引越し,e,5,
支持,p,2,
歩調,e,3,
一大事,n,1,
支出,n,5,
衰弱,n,2,
風潮,n,1,
決まり,e,1,
防衛,e,4,
節約,e,1,
排出,e,2,
余分,e,1,
マイペース,p,8,
ありがたみ,p,3,
懸賞,p,2,
脈,e,10,
陰陽,e,1,
四神,e,2,
武,p,6,
彷徨,e,3,
随分,e,2,
遠慮,e,12,
着実,e,8,
無意味,n,5,
氾濫,n,3,
景色,p,15,
増加,e,5,
増水,n,3,
邪気,n,5,
万全,p,5,
無邪気,p,5,
邪念,n,2,
濁り,n,1,
煩悩,n,1,
金欠,n,1,
地味,n,3,
危機管理,e,1,
堅実,p,3,
困窮,n,2,
疑念,n,2,
中立,e,1,
反論,n,4,
死期,n,4,
風景,e,10,
好機,p,6,
偉業,p,1,
旺盛,p,3,
容易,p,5,
セルフコントロール,e,1,
哀楽,e,4,
喜怒,e,4,
喜怒哀楽,e,4,
驚き,p,10,
水辺,e,1,
理念,p,1,
チームワーク,p,2,
ラフ,e,4,
ワーク,e,5,
インド,e,2,
汚染,n,1,
信仰,e,2,
信仰心,p,1,
水質汚染,n,1,
スキンシップ,e,1,
高齢,e,4,
種類,?e,13,
米,e,2,
ネズミ,e,1,
ブーム,p,1,
噂,e,15,
誠実,p,6,
ピーク,e,6,
勧め,e,2,
ガード,e,1,
助言,e,6,
貴重,p,6,
生きがい,p,1,
リスペクト,p,1,
高評,p,1,
純愛,p,1,
大失敗,n,3,
要求,n,4,
執着,n,16,
初恋,p,1,
骨,n,6,
露骨,n,2,
生理,e,7,
つや,p,3,
明白,e,1,
素振り,e,2,
緩和,e,5,
ふたり,e,3,
文句,n,4,
共感,p,7,
理屈,e,3,
ルーズ,n,4,
再会,e,13,
不確か,n,2,
保護,p,16,
落ち度,n,1,
心残り,n,6,
圧迫,e,6,
やり過ぎ,n,5,
気楽,p,9,
うつ,n,3,
うつ病,n,1,
データ,e,1,
大間違い,n,3,
肯定,e,4,
的中,p,4,
幻覚,n,1,
心霊,e,5,
睡眠障害,n,1,
不規則,n,10,
無責任,n,1,
悪夢,n,10,
明日,p,1,
オケ,e,4,
値段,n,4,
液,e,4,
血流,e,1,
スランプ,n,4,
蜘蛛,e,47,
毒,n,23,
陽気,p,2,
スラム,n,1,
ダニ,n,1,
アジ,e,1,
センス,p,4,
ミャンマー,e,1,
悪人,n,1,
退治,e,7,
知恵,p,6,
バグ,n,1,
リラックス感,p,1,
黄,e,6,
黄緑,e,1,
危害,n,4,
呪,n,4,
呪縛,n,2,
代表,e,12,
毒性,n,1,
緑,e,7,
極端,n,4,
睡眠不足,n,6,
致命傷,n,3,
広め,p,2,
福の神,p,2,
金銀,p,1,
財宝,p,1,
盗人,n,1,
観測,e,1,
罠,n,9,
襲撃,n,1,
陰謀,n,3,
応力,p,2,
適応力,p,2,
判断力,p,8,
検討,e,4,
不遇,n,5,
ふん,n,2,
迷路,e,2,
カンボジア,e,1,
作家,e,3,
展性,e,1,
発展性,p,1,
名作,p,1,
ヒーロー,p,2,
潜在能力,e,8,
陰口,n,1,
取りこぼし,n,2,
罵倒,n,2,
コミュニケーションスキル,p,1,
和解,e,4,
おしさ,n,2,
過失,n,1,
逆風,n,1,
勤勉,p,8,
太刀打ち,n,1,
返り討ち,e,2,
蜂,n,35,
暗礁,n,1,
計画的,e,1,
高級,p,3,
色彩,p,1,
人目,e,3,
程々,p,1,
オープン,e,5,
外観,p,2,
シック,p,2,
中古,n,1,
年季,p,1,
強さ,p,22,
バランス感覚,p,3,
前途,p,1,
運転手,e,6,
助手,e,5,
心中,e,4,
軽薄,n,2,
快適,p,6,
マンネリ,n,7,
マンネリ化,n,3,
違法,n,1,
飽き飽き,n,4,
暴走行為,n,1,
回帰,e,2,
蛇行,n,1,
徘徊,e,1,
非常識,n,2,
免許,e,2,
いらいら,n,1,
渋滞,n,3,
訴え,n,5,
暴言,n,5,
不要,n,9,
力不足,n,4,
消費,e,2,
補給,p,1,
英気,p,1,
疎外感,n,4,
体力低下,n,1,
イヤ,n,25,
婚約,p,6,
破談,n,1,
畏怖,n,1,
邪魔者,n,2,
目の上のたんこぶ,n,2,
脱力,e,1,
脱力感,n,1,
疲労感,n,2,
急ぎ,n,2,
切迫,n,1,
過大,n,6,
詰まり,n,8,
行き詰まり,n,5,
鬱屈,n,1,
お持ち,e,1,
労働,e,6,
テロ,n,2,
悪質,n,1,
圧迫感,n,3,
詳細,e,2,
助長,n,1,
天候不順,n,1,
不順,n,1,
提供,p,4,
好印象,p,5,
中断,n,3,
血まみれ,n,1,
胸騒ぎ,n,2,
鮮明,p,2,
騒ぎ,n,3,
気落ち,n,2,
熱中,e,4,
祝福,p,15,
不釣り合い,n,1,
生霊,n,2,
混同,e,2,
積もり,e,2,
成熟,p,4,
異質,n,4,
味わい,p,3,
略奪,n,1,
準備期間,e,1,
中止,n,4,
散乱,n,1,
渦中,n,3,
さっぱり,p,4,
再建,e,1,
往生,n,1,
行く手,e,1,
立ち往生,n,1,
床下,e,1,
水没,n,2,
最良,p,2,
不可,n,16,
不可能,n,8,
盲目,n,4,
決壊,　,1,
自動車事故,n,1,
妨げ,n,4,
フットワーク,p,2,
軽さ,p,2,
結構,p,7,
自粛,n,1,
追突事故,n,4,
不能,n,3,
ハンド,e,3,
呵責,n,2,
ひき逃げ,n,3,
不道徳,n,1,
論理,p,2,
論理的,p,2,
妨害,n,3,
到着,e,10,
観察,e,12,
観察力,p,2,
後遺症,n,1,
血だらけ,n,1,
犯人,n,3,
自主,p,4,
自主性,p,1,
愚,n,5,
愚痴,n,5,
敵対,n,7,
敵対心,n,5,
無遠慮,n,1,
退化,n,1,
死体,n,4,
気付け,e,5,
同情,e,1,
高速,p,3,
思う様,e,2,
減速,e,1,
ゴキブリ,n,39,
不都合,n,3,
漢方,e,1,
奇異,n,1,
昆虫,e,2,
中国,e,3,
シミ,n,2,
膿,n,1,
噴出,e,1,
夜行性,e,1,
フェロモン,p,1,
体液,e,2,
地球上,e,3,
肥大,n,1,
風呂場,e,2,
変調,n,1,
志向,e,4,
くたびれ,n,1,
痛烈,n,1,
停止,e,3,
着手,e,1,
菌,n,2,
赤痢,n,1,
闘争,e,4,
闘争心,e,4,
病原菌,n,1,
凶作,n,2,
コンディション,p,1,
苦言,e,1,
再発,n,1,
害虫,n,3,
駆除,e,4,
競争相手,e,1,
叩き,n,2,
潰し,n,2,
苦戦,n,1,
対決,e,1,
ムカデ,e,4,
共存,e,2,
湿気,e,1,
傍若無人,n,2,
失礼,n,5,
手抜き,n,1,
無関心,e,3,
懐かしさ,p,2,
自慢,?p?n,2,
青春,p,3,
ジェンダー,e,1,
気乗り,e,2,
釈然,e,1,
嬉しさ,p,2,
いざこざ,n,3,
一流,p,1,
社交,e,5,
名店,p,1,
手軽,p,2,
手軽さ,p,1,
便利さ,p,1,
世界観,e,2,
高揚,e,3,
雑務,n,1,
惰性,n,4,
童心,e,4,
遊び心,p,1,
サービス,p,2,
ビス,e,2,
奉仕,e,1,
親交,e,6,
困惑,n,2,
生涯,e,2,
思惑,e,2,
曖昧,n,8,
本命,e,1,
傲慢,n,10,
ゲーム,e,5,
赤字,n,1,
負傷,n,1,
浪費,n,10,
励み,p,1,
とまどい,n,3,
銃撃,n,1,
銃撃戦,n,1,
しがらみ,n,6,
脱却,p,10,
締め付け,n,2,
結束,e,1,
心情,e,7,
父母,e,4,
飴,p,1,
厳しさ,n,1,
失望,n,4,
親心,p,1,
光明,p,2,
殺害,n,2,
短所,n,5,
現実味,p,3,
渇,n,3,
物騒,n,3,
ストイック,n,1,
伝説,e,2,
嘆き,n,3,
微妙,e,2,
妙,e,10,
総スカン,n,1,
名人,p,5,
お化け,n,3,
穏便,p,3,
途上,n,1,
持続,p,3,
化け物,n,3,
ダイエット,e,4,
天使,p,1,
数日,e,4,
萎縮,n,4,
教師,e,7,
期限,e,3,
爆弾,n,4,
有効,p,3,
温度差,n,2,
季節,e,6,
満開,p,4,
テク,p,1,
テクニック,p,1,
打開,e,6,
吹雪,e,5,
表彰,p,1,
僻,n,1,
絵,p,4,
新緑,p,1,
僅か,n,2,
絶頂,p,2,
雑菌,n,1,
幸福感,p,4,
境遇,e,4,
後退,n,2,
衰退,n,3,
月日,e,2,
醜,n,7,
妬心,n,8,
一途,p,3,
品種,e,1,
花見,e,2,
香り,p,3,
爽やか,p,1,
熱意,p,3,
師匠,p,2,
匠,p,2,
真似,n,2,
悲劇,n,2,
痴情,n,1,
開拓,e,2,
決断力,p,3,
サス,e,1,
サスペンス,n,1,
悔い,n,2,
承諾,e,1,
諾,e,1,
もやもや,n,1,
痒み,n,1,
肩こり,n,3,
毛虫,n,2,
そり,e,4,
神話,e,2,
敵意,n,3,
気色,e,1,
むち打ち,n,1,
自尊,e,6,
自尊心,p,6,
醜態,n,1,
暴露,n,3,
不便,n,2,
包容力,p,1,
悪巧み,n,2,
巧み,p,2,
円滑,p,3,
傷痕,n,1,
嫌味,n,2,
倒産,n,2,
遂行,e,2,
脱線,n,4,
スリル,p,5,
禁断,e,2,
ワガママ,n,3,
倦怠,n,3,
新鮮さ,p,1,
自業自得,n,1,
報い,e,2,
思う存分,e,1,
慢性,n,2,
頼み,e,3,
嘔吐,n,1,
ドキドキ感,p,2,
万引,n,1,
万引き,n,1,
無気力,n,6,
修理,e,4,
強運,p,6,
シンプル,e,1,
絶叫,e,2,
気絶,n,2,
スマート,p,1,
持ち出し,e,2,
処分,n,4,
物質,e,4,
紛失,n,2,
速報,e,3,
的確,p,4,
傲慢さ,n,4,
屈辱,n,2,
倒壊,n,7,
表裏,e,1,
復興,e,1,
対岸の火事,n,1,
破片,n,3,
屈強,p,1,
天災,n,1,
不測,e,1,
リストラ,n,5,
ハードル,n,5,
医師,e,6,
難所,n,2,
叫び,e,2,
転倒,n,2,
親切,p,2,
人望,p,5,
ハッピー,p,2,
うそ,n,4,
エール,p,2,
改革,e,1,
革,e,2,
噴火,n,2,
むやみ,n,3,
震災,n,1,
大震災,n,1,
被災,n,1,
被災地,n,1,
悪循環,n,3,
急落,n,1,
あし,e,2,
手放し,e,2,
封,e,4,
無力,n,3,
無力さ,n,1,
遅延,n,2,
タッグ,e,1,
バカ,n,1,
罰,n,3,
届け,e,2,
気合,p,1,
気合い,p,1,
指針,p,2,
参考,e,2,
軽快,p,3,
ずぶ濡れ,n,1,
丁寧,p,2,
丁寧さ,p,1,
探検,e,1,
乗り換え,e,3,
吉兆,p,7,
錆,n,1,
敬遠,e,2,
言い争い,n,3,
競争心,e,2,
雪道,e,6,
フレッシュさ,p,2,
他殺,n,2,
感電,n,1,
シビア,n,1,
自棄,n,3,
自暴自棄,n,3,
偏り,n,1,
訃,n,4,
訃報,n,4,
外交,e,1,
別居,n,1,
ルーツ,e,2,
因縁,n,2,
怨み,n,1,
趣き,p,1,
辞職,e,2,
滞り,n,2,
ごたごた,n,1,
熟成,e,1,
安堵,p,4,
著名,p,1,
著名人,p,1,
女王,e,2,
切なさ,n,4,
不治の病,n,1,
なぞ,e,1,
へま,n,1,
まっさら,p,1,
オーソドックス,e,3,
凶器,n,3,
刺殺,e,2,
品位,p,1,
大事故,n,1,
痛手,n,2,
離脱,e,2,
過小,n,1,
おざなり,n,2,
騒音,n,2,
目覚まし,e,2,
故人,n,32,
刑,n,4,
死刑,n,3,
インスピレーション,p,3,
革新,e,1,
安楽,p,1,
安楽死,n,1,
アウト,n,3,
抗力,e,1,
守護,e,9,
心霊写真,n,2,
記念,e,1,
オーディション,e,1,
メリット,p,3,
発言力,p,2,
うがい,e,5,
監視,e,2,
大袈裟,n,1,
不審者,n,1,
待ち伏せ,e,1,
たね,e,2,
許容,p,1,
クビ,n,3,
侵入,n,2,
正体,e,4,
エイリアン,e,1,
心地良さ,p,1,
スピーディー,p,2,
加算,e,1,
再起,p,1,
死産,n,2,
流産,n,3,
クリエイター,e,1,
産みの苦しみ,n,1,
職種,e,4,
生みの苦しみ,n,2,
難産,n,4,
陣痛,n,4,
羞恥,n,1,
羞恥心,e,1,
手術,?p?n,2,
切開,e,3,
帝王切開,e,3,
二種類,e,3,
獲得,p,2,
強風,n,2,
際限,e,1,
遺産,p,4,
相続,e,2,
気負い,e,2,
吉報,p,5,
オシャレ,p,1,
尊重,p,5,
セーブ,e,2,
タッチ,e,1,
冗談,n,1,
嗅覚,p,1,
取り越し苦労,n,4,
永遠,p,6,
攻め,p,2,
美化,e,5,
手の内,e,1,
クールダウン,e,2,
多さ,e,1,
紛れ,e,2,
装備,e,1,
退屈,n,12,
錯誤,n,1,
リーダーシップ,p,4,
社交性,e,4,
強敵,n,2,
塊,e,3,
感染,n,1,
被害妄想,n,1,
正義感,p,4,
強調,e,2,
投げやり,n,1,
栄養不足,n,1,
やたら,e,1,
癇,n,1,
名残,n,3,
クリーン,p,1,
逮捕,n,25,
濡れ衣,n,1,
冤罪,n,2,
物欲,e,1,
勧誘,e,1,
共犯,n,1,
開放感,p,2,
拘束,n,5,
刑務,n,1,
刑務所,n,1,
違反,n,1,
脱走,n,2,
手錠,n,1,
早期,e,4,
品格,p,1,
コミュニケーション能力,p,5,
プレゼント,p,8,
高潮,e,2,
飾り,e,1,
誇り,p,1,
原石,e,1,
歓喜,p,1,
現金,p,1,
信憑,p,2,
信憑性,p,2,
貯蓄,e,4,
粉,e,4,
偽物,n,1,
哲学,p,1,
冬,e,2,
主観,e,4,
唐,e,1,
相愛,p,2,
相思,e,2,
相思相愛,p,2,
温かみ,p,2,
理想像,e,2,
実績,p,4,
即座,e,1,
尊厳,p,1,
淋しさ,n,1,
わがまま,n,7,
ずる,n,4,
天敵,n,2,
魂,p,5,
しつこさ,n,1,
執念,n,1,
悪知恵,n,1,
テロリスト,n,1,
言い過ぎ,n,1,
不利益,n,1,
火の粉,n,2,
考慮,e,3,
賢さ,p,1,
汗,e,3,
活性,p,2,
活性化,p,2,
疑惑,n,1,
寝坊,n,4,
忘れ物,n,6,
転嫁,n,2,
旨,e,1,
折り合い,p,1,
今年,e,1,
奴,e,1,
烙印,n,2,
不在,n,3,
表情,p,10,
一致,e,3,
団結,e,1,
団結力,p,1,
病状,n,1,
独立心,p,4,
犯罪者,n,2,
気付き,e,8,
頑固,n,1,
厳格,n,1,
機会損失,n,1,
介護,e,2,
危篤,n,1,
ノスタルジック,p,2,
４日,e,1,
ポロ,e,1,
計算,e,1,
設備,p,1,
魔力,e,1,
月明かり,e,1,
文化,p,5,
迷子,n,3,
慈愛,p,2,
お墓,e,7,
墓,n,11,
墓参,e,7,
鮮やか,p,2,
穏やかさ,p,1,
教養,p,2,
評判,p,7,
フォロー,e,1,
ロマン,p,5,
ロマンス,p,3,
自然さ,e,1,
不自然,n,4,
不自然さ,n,1,
三日,e,3,
周知,e,2,
半月,e,2,
上限,e,1,
遠心力,e,1,
重力,e,1,
風流,p,1,
泡,e,2,
霞,e,1,
念願,e,1,
闘志,p,2,
感心,p,1,
フラストレーション,n,3,
友好,p,2,
無条件,e,2,
暴力団,n,1,
パーマ,e,1,
言いなり,n,1,
しなやか,p,1,
しなやかさ,p,1,
執拗,n,1,
ダメだし,n,1,
キャッチ,e,4,
アーティスト,e,2,
不可欠,p,3,
朗報,p,1,
台風,n,2,
逆流,e,1,
交感,e,1,
ビジネスチャンス,e,1,
警報,e,1,
財力,p,2,
伴侶,e,3,
既視感,e,2,
漏れ,n,2,
単調,n,2,
別離,n,3,
終焉,n,1,
波風,n,1,
途中下車,e,1,
実力者,p,2,
電車内,e,1,
安堵感,p,1,
認知,e,1,
みずから,e,2,
部品,n,1,
無敵,p,2,
副作用,n,1,
快速,p,1,
通過,e,2,
速やか,p,1,
手詰まり,n,2,
股,e,1,
整備,e,1,
だるさ,n,1,
粘り強さ,p,2,
手動,e,1,
とどめ,n,1,
現状維持,e,4,
人身事故,n,1,
老朽,n,2,
老朽化,n,2,
スピード感,p,1,
古さ,e,1,
蒸気,e,2,
辟易,n,3,
栄光,p,3,
弊害,n,2,
着信,e,2,
留守,e,1,
思念,e,3,
不摂生,n,8,
盛り,p,4,
重大事件,n,1,
セールス,e,1,
思い過ごし,n,1,
ウソ,n,1,
巧妙,p,1,
手口,n,1,
９番,e,2,
チームプレー,e,1,
プレー,e,1,
秩序,p,1,
ヤケ,n,1,
救急,n,1,
カウンセラー,e,1,
大喧嘩,n,2,
普及,p,3,
思案,e,1,
鳴り,e,1,
スキルアップ,p,1,
パワフル,p,1,
早とちり,n,1,
意志疎通,p,1,
伝達,e,1,
破たん,n,1,
歯がゆさ,n,1,
尿,e,5,
リッチ,p,1,
形式,n,2,
排泄,e,9,
やみくも,e,1,
尿意,e,1,
排泄物,n,7,
覗き,n,1,
下痢,n,2,
消化不良,n,1,
便秘,n,4,
果報,p,2,
セーフ,p,1,
お邪魔,n,2,
個室,e,5,
水漏れ,n,1,
伝統,p,1,
汚物,n,2,
清々しさ,p,1,
難題,n,1,
不気味さ,n,2,
軋轢,n,3,
下り坂,n,1,
歪み,n,1,
処理能力,p,2,
暗雲,n,3,
対話,e,4,
不具合,n,1,
惨劇,n,1,
こび,n,1,
極まり,e,2,
資質,p,1,
悲惨,n,1,
将来性,p,2,
便所,e,1,
高価,p,1,
おろそか,n,2,
無神経,n,1,
検診,e,2,
ノック,e,1,
ハレ,e,1,
久しぶり,e,3,
わび,p,1,
面白さ,p,1,
あからさま,n,1,
代役,p,1,
純真,p,1,
高校生,e,1,
明確,p,3,
回答,e,2,
因果,n,2,
因果関係,e,2,
アットホーム,p,1,
温かさ,p,2,
仲間内,e,1,
仕返し,n,1,
ヒロイン,e,1,
タブー,n,1,
摂取,e,4,
早起き,e,2,
早寝早起き,p,2,
気さく,p,1,
モラル,p,2,
骨折,n,3,
触れ合い,e,1,
土産,p,3,
いい気持ち,p,1,
シフト,e,1,
意気消沈,n,1,
慰め,p,4,
消沈,n,1,
美人,p,3,
金力,e,1,
結びつき,e,3,
らしさ,p,4,
柔軟さ,p,1,
障り,n,4,
目障り,n,3,
失意,n,1,
お友達,e,1,
滑落,n,1,
水難,n,1,
水難事故,n,1,
難事,n,1,
難局,n,1,
心待ち,p,2,
お得,p,1,
ぬか喜び,n,1,
商品,e,1,
口喧嘩,n,1,
発想力,p,3,
相乗効果,p,1,
青い鳥,e,1,
判断ミス,n,1,
カラフル,p,2,
名前,e,2,
鳴き,e,6,
オウム,e,1,
マネ,n,1,
めぐり,e,1,
フクロウ,e,1,
空想,p,2,
不死,p,1,
鳳凰,e,1,
ハンマー,e,1,
馬鹿,n,3,
誹謗,n,1,
誹謗中傷,n,1,
解明,e,1,
指導力,p,1,
見物,p,1,
言い分,p,1,
頭でっかち,n,2,
蓄え,p,2,
危惧,e,2,
ご機嫌,p,1,
ねぎらい,p,2,
身性,e,1,
仏,e,4,
影響下,e,1,
悼み,n,3,
笑み,p,1,
不敵,n,3,
遠回り,n,1,
奇跡,p,1,
事故死,n,2,
痛感,n,2,
供養,e,1,
一つ一つ,p,1,
浮き,e,2,
厚意,p,1,
他界,n,1,
共鳴,e,1,
思い入れ,e,1,
蒸し返し,n,1,
デザイナー,e,1,
記録,p,3,
録,p,4,
つまずき,n,1,
スキャンダル,n,1,
嘲笑,n,1,
出血量,n,1,
過労,n,1,
貯金,p,1,
オーラ,p,2,
霊体,e,1,
不味,n,2,
話し声,e,1,
遺体,n,1,
お見舞い,e,1,
遺品,n,1,
僧侶,e,1,
無名,n,1,
歴史,e,5,
切実,n,1,
自己嫌悪,n,5,
全速,p,2,
全速力,p,2,
速力,p,2,
スピードアップ,e,1,
不法,n,1,
不法侵入,n,1,
信頼感,p,2,
無心,p,1,
死人,n,1,
悪戦,e,1,
悪戦苦闘,n,1,
苦闘,n,1,
爆風,n,1,
勤務,e,2,
困憊,n,3,
疲労困憊,n,3,
騒動,n,1,
猛威,n,1,
まとも,p,1,
謎,e,2,
収益,p,1,
女神,e,3,
神経質,n,3,
産婦人科,e,1,
確信,p,2,
咳,n,1,
眠気,n,1,
素質,p,3,
胎動,e,1,
異様,n,1,
妊婦さん,e,2,
中絶,n,1,
フライ,e,3,
至極,p,1,
常識的,p,1,
厚み,e,1,
非道,n,2,
ボーナス,p,1,
奔放,e,4,
コスト,n,1,
ぶす,n,1,
爪,e,2,
愛着,p,1,
可愛さ,p,1,
拒否反応,n,1,
悔しさ,n,2,
狭め,e,1,
説得,e,2,
興味関心,p,2,
デマ,n,2,
白色,e,3,
迷信,n,1,
灰,e,3,
灰色,e,3,
曖昧さ,n,2,
チャームポイント,p,2,
虫歯,n,6,
強み,p,3,
老化,e,1,
歯ぎしり,n,3,
治療,e,7,
減退,n,3,
人間性,p,3,
誠実さ,p,2,
発達,p,2,
食べ過ぎ,n,1,
ヒビ,n,3,
補充,p,2,
重し,n,1,
破断,n,1,
放出,n,2,
偉人,p,2,
拷問,n,1,
証明,e,1,
親知らず,e,1,
マナー,e,2,
歯並び,e,1,
腫,n,5,
腫れ,n,5,
つわり,n,2,
歓迎,p,1,
唾,e,2,
唾液,e,1,
解放感,p,3,
虚しさ,n,2,
模様,e,2,
引っ掛かり,e,2,
金額,n,3,
飲み過ぎ,n,5,
吐き気,n,2,
介抱,p,1,
達人,p,1,
野生,e,2,
飲みすぎ,n,1,
食べすぎ,n,1,
気持ち悪さ,n,1,
弁解,n,1,
乗り物酔い,n,1,
無我,e,1,
更新,e,1,
最高記録,p,1,
売り上げ,p,1,
品質,p,1,
不手際,n,1,
拒食,n,1,
拒食症,n,1,
四つ,e,1,
制約,n,1,
鼓舞,e,1,
底上げ,p,1,
登頂,e,2,
友達付き合い,e,2,
墓地,n,1,
男らしさ,e,1,
デメリット,n,1,
乗客,e,3,
先見,p,1,
迅速,p,1,
ステータス,p,1,
ハリ,p,1,
メリハリ,p,1,
サポーター,e,1,
頭痛,n,1,
名言,p,1,
個人情報,e,1,
人情,p,1,
流出,n,1,
ツバ,e,1,
絶滅,n,1,
一時逃れ,n,1,
生き甲斐,p,1,
パイロット,e,1,
墜落,n,6,
好き勝手,n,1,
自分らしさ,p,1,
戦闘,n,1,
チケット,e,4,
不時着,e,1,
完了,e,1,
待ち時間,n,1,
威力,p,1,
乱気流,n,1,
ガイド,e,1,
士気,p,1,
異例,e,1,
穏和,p,1,
重宝,p,1,
水神,e,1,
浸透,e,2,
沈黙,e,1,
生産,e,1,
つっけんどん,n,1,
暖かさ,p,1,
光沢,p,1,
しびれ,n,1,
しんどさ,n,1,
麻痺,n,1,
コブラ,e,3,
毒蛇,e,8,
アメリカ,e,1,
体中,e,1,
ヘビ,e,1,
掌握,p,1,
制圧,n,1,
力ずく,n,1,
爬虫類,e,1,
消失,n,1,
盛り上がり,p,1,
泥沼化,n,1,
演奏,e,1,
音楽家,e,1,
職人,p,1,
優位,p,1,
敗北,n,1,
治癒,p,2,
ブラック,n,1,
もみ,e,1,
ノウハウ,e,1,
先入観,n,1,
創造性,p,1,
頭脳,p,1,
給与,e,1,
自己表現,e,1,
説得力,p,1,
表現能力,p,1,
応募,e,1,
社会性,p,1,
適応性,p,1,
子供っぽさ,n,1,
ずぼら,n,1,
進歩,p,2,
恩義,p,1,
毒素,n,2,
同居,e,2,
神々しさ,p,1,
清らか,p,1,
暴力沙汰,n,1,
理知,p,1,
奥ゆかしさ,p,1,
気品,p,1,
超能力,p,1,
沈滞,n,1,
創作,e,1,
配色,e,1,
入手,e,1,
修得,e,1,
特技,p,1,
王朝,e,1,
秦,e,1,
弾圧,n,1,
焚書,n,1,
一喜一憂,e,2,
破れ,n,1,
ひととき,e,1,
博識,p,1,
裏付け,e,2,
鉛,e,1,
親しみ,p,2,
誤認,n,1,
仕入れ,e,1,
古本,e,3,
専門性,p,1,
マニア,e,1,
専門知識,p,2,
基礎知識,p,1,
弁償,?p?n,1,
論理的思考,p,1,
レジャー,p,1,
娯楽,p,1,
刊,e,1,
週刊,e,1,
グルメ,e,1,
オカルト,n,1,
知的好奇心,p,1,
貪欲,n,2,
落胆,n,1,
手掛かり,p,1,
八方ふさがり,n,1,
観光,p,4,
時代遅れ,n,1,
盛衰,e,1,
俗,n,1,
めど,e,1,
袋小路,e,2,
メニュー,e,1,
二者択一,e,1,
気掛かり,n,1,
でこぼこ,n,1,
凹凸,n,1,
砂利,e,1,
目的達成,p,1,
年齢制限,e,1,
無情,n,1,
変更等,e,1,
カルチャーショック,n,1,
安らか,p,1,
遺物,e,1,
廃墟,e,1,
墓場,e,1,
有限,e,1,
喧騒,e,1,
賑やか,p,2,
総合,e,1,
誤り,n,1,
でっち上げ,n,2,
耳障り,n,1,
生還,p,1,
寄生虫,e,2,
余地,e,1,
良縁,p,2,
夏休み,e,2,
博士,e,1,
災厄,n,1,
魔性,n,1,
怠け者,n,1,
群,e,1,
思い切り,p,1,
天道,p,1,
失脚,n,1,
冷たさ,n,2,
レベルアップ,p,1,
ちょっかい,n,1,
デリ,e,1,
デリケート,e,1,
スリップ,n,3,
不満足,n,1,
具体性,p,1,
再開,e,1,
囲み,e,1,
数週間,e,1,
気軽,p,2,
恨みつらみ,n,1,
想念,e,2,
ラッシュ,n,1,
キープ,e,1,
不潔,n,1,
成功体験,p,1,
かわいそう,n,1,
ビンタ,n,1,
大人物,p,1,
入試,e,1,
あいまい,n,1,
糊,e,1,
不思議さ,e,1,
明瞭,p,1,
ゴースト,e,2,
意図,e,3,
易さ,p,1,
寒気,n,1,
ご先祖様,e,1,
足止め,n,1,
捻挫,n,1,
霊験,p,1,
水子,n,1,
合格,p,2,
鈍さ,n,1,
鈍感,n,1,
別段,p,1,
異常事態,n,1,
教育,e,1,
静けさ,p,1,
雪崩,n,6,
歩き方,e,1,
氷,e,2,
大喜び,p,1,
大逆,n,1,
器用,p,1,
器用さ,p,1,
不器用,n,1,
恐ろしさ,n,2,
寒さ,n,1,
大雪,n,1,
アウトドア,e,2,
願い事,p,1,
再現,e,1,
足跡,e,1,
ぎりぎり,n,1,
座礁,n,1,
化粧品,e,1,
ヒット,p,1,
手頃,p,1,
理解力,p,1,
対価,e,1,
無人島,e,1,
平気,p,2,
ゲーム感覚,e,1,
お土産,e,2,
潤滑,p,1,
醍醐味,p,1,
パンフレット,e,1,
リゾート,p,1,
格式,p,1,
混雑,n,1,
雑用,n,2,
研修,e,1,
直観,e,1,
味見,e,1,
怠惰,n,1,
気苦労,n,1,
主体性,e,1,
最愛,p,1,
寿命,e,1,
疑似体験,e,1,
アドレナリン,e,1,
分泌,e,1,
いさかい,n,1,
披露,e,1,
適合,p,1,
別行動,e,1,
進化,p,2,
アイデンティティ,p,1,
物理的,e,1,
感受性,p,1,
小物,n,1,
好成績,p,1,
質問,e,1,
付近,e,2,
短気,n,1,
技術,p,1,
技能,p,1,
習得,p,1,
特殊,e,2,
研鑽,e,1,
格差,n,1,
学歴,p,1,
実力差,e,1,
点数,p,1,
現代人,e,1,
おばけ,e,1,
お風呂場,e,1,
恐怖症,n,1,
カーブ,e,1,
叱咤,n,1,
懲罰,n,1,
無実,e,1,
いい加減,e,2,
細工,e,1,
不細工,n,1,
呪い,n,1,
魔女,e,1,
監禁,n,1,
誘拐,n,1,
屍,n,1,
寝たきり,n,1,
失明,n,1,
認識不足,n,1,
奇抜,e,1,
推測,e,2,
確定,e,1,
重病,n,1,
早期治療,e,1,
不確定,n,1,
震え,n,1,
バイオリズム,e,1,
現段階,e,1,
事案,e,1,
誠意,p,1,
ボタン,e,2,
参列,e,1,
１４年,e,1,
４年,e,1,
スコットランド,e,1,
掲載,e,1,
唱歌,e,1,
凡ミス,n,1,
絵画,e,1,
力強さ,p,1,
方位,e,1,
やんちゃ,e,1,
食欲,p,2,
びくびく,n,1,
百も承知,e,1,
開放性,p,1,
認可,p,1,
抵抗感,n,1,
狐,n,1,
必須,e,1,
悔し涙,e,2,
ガッツ,p,1,
効き目,p,1,
無力感,n,1,
猜疑,n,1,
晴れ晴れ,p,1,
訪問,e,1,
訪問者,e,1,
断絶,n,1,
泣き声,n,1,
幼児,e,1,
電波,n,1,
ワースト,n,23,
ブレス,e,2,
英知,p,1,
鉱物,e,2,
豊富,p,1,
神秘性,p,1,
アマ,e,1,
透明感,p,1,
決定,e,1,
縞模様,e,1,
宝石,p,2,
素晴らしさ,p,1,
多彩,p,1,
風雨,e,1,
暴風,n,1,
暴風雨,e,1,
エジプト,e,1,
キリスト,e,1,
王者,p,1,
記憶力,p,1,
仕事内容,e,1,
乗り気,e,1,
未熟者,n,1,
リアリティ,p,1,
徹夜,e,1,
レッテル,n,1,
敗者,n,1,
強迫観念,e,1,
隔たり,n,1,
稿,n,1,
家庭教師,e,1,
誇張,n,1,
学習意欲,p,1,
